{"text": " Desped\u00ed a mi equipo de contenido de 5.000 d\u00f3lares por mes y lo reemplac\u00e9 por esta automatizaci\u00f3n de inteligencia artificial que me genera un mes entero de contenido en solo 45 minutos. \u00bfQueres saber c\u00f3mo funciona? Te explico. Primero, la inteligencia artificial busca en todos los idiomas que no sean espa\u00f1ol a creadores que venden los", "segments": [{"id": 0, "seek": 0, "start": 0.0, "end": 5.68, "text": " Desped\u00ed a mi equipo de contenido de 5.000 d\u00f3lares por mes y lo reemplac\u00e9 por esta", "tokens": [50364, 3885, 3452, 870, 257, 2752, 30048, 368, 47117, 368, 1025, 13, 1360, 32596, 1515, 3813, 288, 450, 319, 5895, 326, 526, 1515, 5283, 50648], "temperature": 0.0, "avg_logprob": -0.19661607847108944, "compression_ratio": 1.5, "no_speech_prob": 0.21399493515491486}, {"id": 1, "seek": 0, "start": 5.68, "end": 10.200000000000001, "text": " automatizaci\u00f3n de inteligencia artificial que me genera un mes entero de contenido en", "tokens": [50648, 28034, 27603, 368, 24777, 3213, 2755, 11677, 631, 385, 1337, 64, 517, 3813, 948, 2032, 368, 47117, 465, 50874], "temperature": 0.0, "avg_logprob": -0.19661607847108944, "compression_ratio": 1.5, "no_speech_prob": 0.21399493515491486}, {"id": 2, "seek": 0, "start": 10.200000000000001, "end": 16.56, "text": " solo 45 minutos. \u00bfQueres saber c\u00f3mo funciona? Te explico. Primero, la inteligencia artificial", "tokens": [50874, 6944, 6905, 19421, 13, 3841, 48, 5486, 279, 12489, 12826, 26210, 30, 1989, 1490, 2789, 13, 19671, 2032, 11, 635, 24777, 3213, 2755, 11677, 51192], "temperature": 0.0, "avg_logprob": -0.19661607847108944, "compression_ratio": 1.5, "no_speech_prob": 0.21399493515491486}, {"id": 3, "seek": 0, "start": 16.56, "end": 20.46, "text": " busca en todos los idiomas que no sean espa\u00f1ol a creadores que venden los", "tokens": [51192, 37492, 465, 6321, 1750, 18014, 7092, 631, 572, 37670, 31177, 257, 1197, 11856, 631, 371, 8896, 1750, 51387], "temperature": 0.0, "avg_logprob": -0.19661607847108944, "compression_ratio": 1.5, "no_speech_prob": 0.21399493515491486}], "language": "es"}